Hope ID,Date,Form Filling Person,New or Old Member,Customer ID,Name,Email,Country,Total Amount,Month,Currency,Wallet,Support Region,Many Chat ID,Notes,File,Payment Check,Card Issue Status
HopeID-99915,8/11/2024,A Thet,Old,Customer-0071870,,,Thailand,300,1,THB,Wallet 1,မြန်မာတစ်နိုင်ငံလုံး,7371779322881514,,00001,,
HopeID-99916,8/11/2024,A Thet,Old,Customer-0071871,,,Thailand,300,1,THB,Wallet 1,ကရင်ပြည်နယ်,219821921,,00002,,
HopeID-99917,8/11/2024,A Thet,Old,Customer-0071872,,,Thailand,300,1,THB,Wallet 1,မြန်မာတစ်နိုင်ငံလုံး,1836307226,,00003,,
HopeID-99918,8/11/2024,A Thet,Old,Customer-0071873,,,Myanmar,33000,1,MMK,Wallet 1,မြန်မာတစ်နိုင်ငံလုံး,6659641317481456,,00004,,
HopeID-99919,8/11/2024,A Thet,Old,Customer-0071874,,,Thailand,2000,1,THB,Wallet 1,မြန်မာတစ်နိုင်ငံလုံး,7243924152387809,,00005,,
HopeID-99920,8/11/2024,A Thet,Old,Customer-0071875,,,Thailand,500,1,THB,Wallet 1,မန္တလေးတိုင်း,889774286,,00006,,
HopeID-99921,8/11/2024,Ellie,New,,Mg Mg 2,mgmg1@gmail.com,Myanmar,30000,1,MMK,Wallet 2,မြန်မာတစ်နိုင်ငံလုံး,1804675720,,00007,,
HopeID-99922,8/11/2024,Ellie,New,,Mg Mg 2,mgmg1@gmail.com,Thailand,300,1,THB,Wallet 2,မြန်မာတစ်နိုင်ငံလုံး,8026898674084476,,00008,,
HopeID-99923,8/11/2024,Ellie,Old,Customer-0071844,,,Thailand,30000,1,MMK,Wallet 2,ကရင်နီ (ကယား) ပြည်နယ်,8329058047106818,,00009,,
HopeID-99924,8/11/2024,Myat Than Thar,New,,Mg Mg 3,mgmg3@gmail.com,Korea,50000,1,MMK,Wallet 2,မန္တလေးတိုင်း,1889858361,,00010,,
HopeID-99925,8/11/2024,Myat Than Thar,New,,Mg Mg 4,mgmg088@gmail.com,Myanmar,30000,1,MMK,Wallet 2,မန္တလေးတိုင်း,1511867156,,00011,,
HopeID-99926,8/11/2024,Myat Than Thar,New,,Mg Mg 5,mgmg08903@gmail.com,Myanmar,100000,1,MMK,Wallet 2,မန္တလေးတိုင်း,26809903721933996,,00012,,
HopeID-99927,8/11/2024,Myat Than Thar,New,,Mg Mg 6,mgmg0890343@gmail.com,Thailand,300,1,THB,Wallet 2,ပဲခူးတိုင်း,7664569130259366,,00013,,
HopeID-99928,8/11/2024,Ellie,Old,Customer-0077385,,,Myanmar,30000,1,MMK,Wallet 1,မြန်မာတစ်နိုင်ငံလုံး,25533106976276654,July Backdate,00014,,